"MNO","CNO","TITLE","SINGER","ALBUM","POSTER","IDCREMENT","STATE","KEY","HIT"
40,1,"오늘만 I LOVE YOU","BOYNEXTDOOR","오늘만 I LOVE YOU","//image.genie.co.kr/Y/IMAGE/IMG_ALBUM/085/907/714/85907714_1736129489622_1_140x140.JPG/dims/resize/Q_80,0",0,"유지","",0
41,1,"I Don't Think That I Like Her","Charlie Puth","CHARLIE","//image.genie.co.kr/Y/IMAGE/IMG_ALBUM/082/484/273/82484273_1665067200754_1_140x140.JPG/dims/resize/Q_80,0",1,"상승","",0
42,1,"다정히 내 이름을 부르면","경서예지 & 전건호","다정히 내 이름을 부르면","//image.genie.co.kr/Y/IMAGE/IMG_ALBUM/082/051/769/82051769_1621328428038_1_140x140.JPG/dims/resize/Q_80,0",1,"상승","",0
43,1,"SPOT! (Feat. JENNIE)","지코 (ZICO)","SPOT!","//image.genie.co.kr/Y/IMAGE/IMG_ALBUM/085/072/667/85072667_1714091257020_1_140x140.JPG/dims/resize/Q_80,0",1,"하강","",0
44,1,"number one girl","로제 (ROSÉ)","number one girl","//image.genie.co.kr/Y/IMAGE/IMG_ALBUM/085/798/066/85798066_1732235885781_1_140x140.JPG/dims/resize/Q_80,0",1,"하강","",0
45,1,"REBEL HEART","IVE (아이브)","IVE EMPATHY","//image.genie.co.kr/Y/IMAGE/IMG_ALBUM/085/919/941/85919941_1736491636347_1_140x140.JPG/dims/resize/Q_80,0",6,"상승","",0
46,1,"청혼하지 않을 이유를 못 찾았어","이무진","청혼하지 않을 이유를 못 찾았어","//image.genie.co.kr/Y/IMAGE/IMG_ALBUM/084/950/772/84950772_1712015258001_1_140x140.JPG/dims/resize/Q_80,0",6,"상승","",0
47,1,"이제 나만 믿어요","임영웅","내일은 미스터트롯 우승자 특전곡","//image.genie.co.kr/Y/IMAGE/IMG_ALBUM/081/410/156/81410156_1585878705990_1_140x140.JPG/dims/resize/Q_80,0",0,"유지","",0
48,1,"우리들의 블루스","임영웅","IM HERO","//image.genie.co.kr/Y/IMAGE/IMG_ALBUM/082/638/032/82638032_1651479062721_1_140x140.JPG/dims/resize/Q_80,0",0,"유지","",0
49,1,"너의 모든 순간","성시경","별에서 온 그대 OST Part.7 (SBS 수목드라마)","//image.genie.co.kr/Y/IMAGE/IMG_ALBUM/080/401/547/80401547_1392172764399_1_140x140.JPG/dims/resize/Q_80,0",2,"하강","",0
50,1,"사건의 지평선","윤하 (YOUNHA)","YOUNHA 6th Album Repackage 'END THEORY : Final Edition'","//image.genie.co.kr/Y/IMAGE/IMG_ALBUM/082/614/128/82614128_1648619377015_1_140x140.JPG/dims/resize/Q_80,0",2,"하강","",0
51,2,"HOME SWEET HOME (Feat. 태양 & 대성)","G-DRAGON","HOME SWEET HOME","//image.genie.co.kr/Y/IMAGE/IMG_ALBUM/085/795/386/85795386_1732170719581_1_140x140.JPG/dims/resize/Q_80,0",0,"유지","",0
52,2,"APT.","로제 (ROSÉ) & Bruno Mars","APT.","//image.genie.co.kr/Y/IMAGE/IMG_ALBUM/085/693/971/85693971_1729212690074_1_140x140.JPG/dims/resize/Q_80,0",0,"유지","",0
53,2,"Whiplash","aespa","Whiplash - The 5th Mini Album","//image.genie.co.kr/Y/IMAGE/IMG_ALBUM/085/694/834/85694834_1729236989658_1_140x140.JPG/dims/resize/Q_80,0",0,"유지","",0
54,2,"나는 반딧불","황가람","나는 반딧불","//image.genie.co.kr/Y/IMAGE/IMG_ALBUM/085/694/890/85694890_1729238188939_1_140x140.JPG/dims/resize/Q_80,0",0,"유지","",0
55,2,"HAPPY","DAY6 (데이식스)","Fourever","//image.genie.co.kr/Y/IMAGE/IMG_ALBUM/084/877/280/84877280_1710728168568_1_140x140.JPG/dims/resize/Q_80,0",0,"유지","",0
56,2,"toxic till the end","로제 (ROSÉ)","rosie","//image.genie.co.kr/Y/IMAGE/IMG_ALBUM/085/838/476/85838476_1733375833981_1_140x140.JPG/dims/resize/Q_80,0",0,"유지","",0
57,2,"너와의 모든 지금","재쓰비 (JAESSBEE)","너와의 모든 지금","//image.genie.co.kr/Y/IMAGE/IMG_ALBUM/085/758/344/85758344_1731048739763_1_140x140.JPG/dims/resize/Q_80,0",0,"유지","",0
58,2,"내 이름 맑음","QWER","2nd Mini Album 'Algorithm's Blossom'","//image.genie.co.kr/Y/IMAGE/IMG_ALBUM/085/556/176/85556176_1727059041255_1_140x140.JPG/dims/resize/Q_80,0",0,"유지","",0
59,2,"POWER","G-DRAGON","POWER","//image.genie.co.kr/Y/IMAGE/IMG_ALBUM/085/729/971/85729971_1730269317798_1_140x140.JPG/dims/resize/Q_80,0",0,"유지","",0
60,2,"내게 사랑이 뭐냐고 물어본다면","로이킴","내게 사랑이 뭐냐고 물어본다면","//image.genie.co.kr/Y/IMAGE/IMG_ALBUM/085/662/151/85662151_1729042126804_1_140x140.JPG/dims/resize/Q_80,0",0,"유지","",0
61,2,"Welcome to the Show","DAY6 (데이식스)","Fourever","//image.genie.co.kr/Y/IMAGE/IMG_ALBUM/084/877/280/84877280_1710728168568_1_140x140.JPG/dims/resize/Q_80,0",0,"유지","",0
62,2,"Drowning","WOODZ","OO-LI","//image.genie.co.kr/Y/IMAGE/IMG_ALBUM/083/570/761/83570761_1682496044865_1_140x140.JPG/dims/resize/Q_80,0",1,"상승","",0
63,2,"한 페이지가 될 수 있게","DAY6 (데이식스)","The Book of Us : Gravity","//image.genie.co.kr/Y/IMAGE/IMG_ALBUM/081/244/101/81244101_1563174738943_1_140x140.JPG/dims/resize/Q_80,0",1,"하강","",0
64,2,"Supernova","aespa","Armageddon - The 1st Album","//image.genie.co.kr/Y/IMAGE/IMG_ALBUM/085/165/232/85165232_1716798792825_1_140x140.JPG/dims/resize/Q_80,0",0,"유지","",0
65,2,"고민중독","QWER","1st Mini Album 'MANITO'","//image.genie.co.kr/Y/IMAGE/IMG_ALBUM/084/934/155/84934155_1711856063083_1_140x140.JPG/dims/resize/Q_80,0",0,"유지","",0
66,2,"UP (KARINA Solo)","aespa","SYNK : PARALLEL LINE - Special Digital Single","//image.genie.co.kr/Y/IMAGE/IMG_ALBUM/085/664/591/85664591_1728366690840_1_140x140.JPG/dims/resize/Q_80,0",0,"유지","",0
67,2,"슬픈 초대장","순순희 (지환)","슬픈 초대장","//image.genie.co.kr/Y/IMAGE/IMG_ALBUM/084/626/244/84626244_1702951496211_1_140x140.JPG/dims/resize/Q_80,0",0,"유지","",0
68,2,"예뻤어","DAY6 (데이식스)","Every DAY6 February","//image.genie.co.kr/Y/IMAGE/IMG_ALBUM/080/919/666/80919666_1486113823984_1_140x140.JPG/dims/resize/Q_80,0",0,"유지","",0
69,2,"천상연","이창섭","천상연 (웹툰 '선녀외전' X 이창섭 (LEE CHANGSUB))","//image.genie.co.kr/Y/IMAGE/IMG_ALBUM/084/815/509/84815509_1708311688384_1_140x140.JPG/dims/resize/Q_80,0",0,"유지","",0
70,2,"Mantra","제니 (JENNIE)","Mantra","//image.genie.co.kr/Y/IMAGE/IMG_ALBUM/085/672/947/85672947_1728543992528_1_140x140.JPG/dims/resize/Q_80,0",0,"유지","",0
71,2,"나는 아픈 건 딱 질색이니까","(여자)아이들","2","//image.genie.co.kr/Y/IMAGE/IMG_ALBUM/084/718/499/84718499_1706517983529_1_140x140.JPG/dims/resize/Q_80,0",0,"유지","",0
72,2,"Love wins all","아이유 (IU)","The Winning","//image.genie.co.kr/Y/IMAGE/IMG_ALBUM/084/729/887/84729887_1708417120198_1_140x140.JPG/dims/resize/Q_80,0",1,"상승","",0
73,2,"에피소드","이무진","에피소드","//image.genie.co.kr/Y/IMAGE/IMG_ALBUM/084/600/370/84600370_1702445165120_1_140x140.JPG/dims/resize/Q_80,0",1,"하강","",0
74,2,"How Sweet","NewJeans","How Sweet","//image.genie.co.kr/Y/IMAGE/IMG_ALBUM/085/075/275/85075275_1716515409009_1_140x140.JPG/dims/resize/Q_80,0",1,"상승","",0
75,2,"첫 만남은 계획대로 되지 않아","TWS (투어스)","TWS 1st Mini Album 'Sparkling Blue'","//image.genie.co.kr/Y/IMAGE/IMG_ALBUM/084/662/081/84662081_1705913418886_1_140x140.JPG/dims/resize/Q_80,0",1,"하강","",0
76,2,"비의 랩소디","임재현","비의 랩소디","//image.genie.co.kr/Y/IMAGE/IMG_ALBUM/084/545/218/84545218_1701255631132_1_140x140.JPG/dims/resize/Q_80,0",0,"유지","",0
77,2,"어떻게 이별까지 사랑하겠어, 널 사랑하는 거지","AKMU (악뮤)","항해","//image.genie.co.kr/Y/IMAGE/IMG_ALBUM/081/271/853/81271853_1569396403906_1_140x140.JPG/dims/resize/Q_80,0",0,"유지","",0
78,2,"Small girl (Feat. 도경수 (D.O.))","이영지","16 Fantasy","//image.genie.co.kr/Y/IMAGE/IMG_ALBUM/085/338/698/85338698_1718875009670_1_140x140.JPG/dims/resize/Q_80,0",0,"유지","",0
79,2,"DRIP","BABYMONSTER","DRIP","//image.genie.co.kr/Y/IMAGE/IMG_ALBUM/085/729/404/85729404_1730422138405_1_140x140.JPG/dims/resize/Q_80,0",0,"유지","",0
157,4,"사랑은 늘 도망가","임영웅","신사와 아가씨 OST Part.2","//image.genie.co.kr/Y/IMAGE/IMG_ALBUM/082/322/594/82322594_1633671778123_1_140x140.JPG/dims/resize/Q_80,0",0,"유지","",0
158,4,"그랬나봐","유회승 (엔플라잉)","선재 업고 튀어 OST Part 6","//image.genie.co.kr/Y/IMAGE/IMG_ALBUM/085/096/191/85096191_1714711253038_1_140x140.JPG/dims/resize/Q_80,0",0,"유지","",0
159,4,"첫눈처럼 너에게 가겠다","에일리 (Ailee)","도깨비 OST Part 9 (tvN 금토드라마)","//image.genie.co.kr/Y/IMAGE/IMG_ALBUM/080/911/488/80911488_1483696444510_1_140x140.JPG/dims/resize/Q_80,0",0,"유지","",0
160,4,"내가 널 지켜줄게","폴킴","내가 널 지켜줄게 (나의 완벽한 비서 OST Special Track)","//image.genie.co.kr/Y/IMAGE/IMG_ALBUM/085/899/585/85899585_1735545556502_1_140x140.JPG/dims/resize/Q_80,0",0,"유지","",0
161,4,"흔들리는 꽃들 속에서 네 샴푸향이 느껴진거야","장범준","멜로가 체질 OST Part 3 (JTBC 금토 드라마)","//image.genie.co.kr/Y/IMAGE/IMG_ALBUM/081/260/027/81260027_1566538606488_1_140x140.JPG/dims/resize/Q_80,0",0,"유지","",0
162,4,"내 손을 잡아","아이유 (IU)","최고의 사랑 OST Part.4 (MBC 수목드라마)","//image.genie.co.kr/Y/IMAGE/IMG_ALBUM/080/257/897/80257897_1306206125910_1_140x140.JPG/dims/resize/Q_80,0",1,"상승","",0
163,4,"그대가 있는 곳, 언제 어디든","로이킴","로이킴 X 마이데몬","//image.genie.co.kr/Y/IMAGE/IMG_ALBUM/084/549/076/84549076_1701333515187_1_140x140.JPG/dims/resize/Q_80,0",1,"하강","",0
164,4,"아로하","조정석","슬기로운 의사생활 OST Part 3 (tvN 목요드라마)","//image.genie.co.kr/Y/IMAGE/IMG_ALBUM/081/398/219/81398219_1585214325118_1_140x140.JPG/dims/resize/Q_80,0",1,"상승","",0
165,4,"꿈","태연 (TAEYEON)","웰컴투 삼달리 OST Part.3","//image.genie.co.kr/Y/IMAGE/IMG_ALBUM/084/611/536/84611536_1702626361255_1_140x140.JPG/dims/resize/Q_80,0",1,"하강","",0
166,4,"시작","가호 (Gaho)","이태원 클라쓰 OST Part.2 (JTBC 금토드라마)","//image.genie.co.kr/Y/IMAGE/IMG_ALBUM/081/352/464/81352464_1580457691124_1_140x140.JPG/dims/resize/Q_80,0",0,"유지","",0
167,4,"있잖아","폴킴","연애플레이리스트2 OST Part.2","//image.genie.co.kr/Y/IMAGE/IMG_ALBUM/080/969/270/80969270_1500622894492_1_140x140.JPG/dims/resize/Q_80,0",0,"유지","",0
168,4,"Steal The Show","Lauv","엘리멘탈 (Original Motion Picture Soundtrack)","//image.genie.co.kr/Y/IMAGE/IMG_ALBUM/083/932/963/83932963_1686789037649_1_140x140.JPG/dims/resize/Q_80,0",0,"유지","",0
169,4,"눈의 꽃","박효신","눈의 꽃","//image.genie.co.kr/Y/IMAGE/IMG_ALBUM/070/953/411/70953411_1404724631213_1_140x140.JPG/dims/resize/Q_80,0",0,"유지","",0
170,4,"살기 위해서","노을","빠담빠담 OST Part.1 (JTBC 월화드라마)","//image.genie.co.kr/Y/IMAGE/IMG_ALBUM/080/276/008/80276008_1322809250651_1_140x140.JPG/dims/resize/Q_80,0",0,"유지","",0
171,4,"Run Run","이클립스 (ECLIPSE)","선재 업고 튀어 OST Part 1","//image.genie.co.kr/Y/IMAGE/IMG_ALBUM/084/416/267/84416267_1712539030215_1_140x140.JPG/dims/resize/Q_80,0",0,"유지","",0
172,4,"응급실","izi","쾌걸춘향 OST","//image.genie.co.kr/Y/IMAGE/IMG_ALBUM/015/029/371/15029371_1342400749964_1_140x140.JPG/dims/resize/Q_80,0",0,"유지","",0
173,4,"봄눈","10CM","선재 업고 튀어 OST Part 8","//image.genie.co.kr/Y/IMAGE/IMG_ALBUM/085/141/743/85141743_1715587978264_1_140x140.JPG/dims/resize/Q_80,0",5,"상승","",0
174,4,"안녕","폴킴","호텔 델루나 OST Part.10 (tvN 토일드라마)","//image.genie.co.kr/Y/IMAGE/IMG_ALBUM/081/256/205/81256205_1565592764970_1_140x140.JPG/dims/resize/Q_80,0",1,"하강","",0
175,4,"너였다면","정승환","또 오해영 OST Part 5 (tvN 월화드라마)","//image.genie.co.kr/Y/IMAGE/IMG_ALBUM/080/825/298/80825298_1464599145751_1_140x140.JPG/dims/resize/Q_80,0",2,"상승","",0
176,4,"기억해줘요 내 모든 날과 그때를","거미 (Gummy)","호텔 델루나 OST Part.7 (tvN 토일드라마)","//image.genie.co.kr/Y/IMAGE/IMG_ALBUM/081/252/935/81252935_1564732364468_1_140x140.JPG/dims/resize/Q_80,0",2,"하강","",0
177,4,"이 사랑","다비치","태양의 후예 OST Part.3 (KBS2 수목드라마)","//image.genie.co.kr/Y/IMAGE/IMG_ALBUM/080/796/234/80796234_1456909197595_1_140x140.JPG/dims/resize/Q_80,0",2,"하강","",0
178,4,"Say Yes","로꼬 & 펀치 (Punch)","달의 연인 - 보보경심 려 OST Part 2 (SBS 월화드라마)","//image.genie.co.kr/Y/IMAGE/IMG_ALBUM/080/862/225/80862225_1472436590288_1_140x140.JPG/dims/resize/Q_80,0",2,"하강","",0
179,4,"비와 당신","이무진","슬기로운 의사생활 시즌2 OST Part 1 (tvN 목요드라마)","//image.genie.co.kr/Y/IMAGE/IMG_ALBUM/082/046/141/82046141_1623982564944_1_140x140.JPG/dims/resize/Q_80,0",2,"상승","",0
180,4,"All For You","서인국 & 정은지","응답하라 1997 Love Story Part 1 (tvN 화요드라마)","//image.genie.co.kr/Y/IMAGE/IMG_ALBUM/080/309/488/80309488_1346121685441_1_140x140.JPG/dims/resize/Q_80,0",1,"하강","",0
181,4,"마음을 드려요","아이유 (IU)","사랑의 불시착 OST Part 11 (tvN 토일 드라마)","//image.genie.co.kr/Y/IMAGE/IMG_ALBUM/081/361/796/81361796_1581668981776_1_140x140.JPG/dims/resize/Q_80,0",1,"상승","",0
182,4,"그대라는 시","태연 (TAEYEON)","호텔 델루나 OST Part.3 (tvN 토일드라마)","//image.genie.co.kr/Y/IMAGE/IMG_ALBUM/081/246/905/81246905_1563523038613_1_140x140.JPG/dims/resize/Q_80,0",2,"하강","",0
183,4,"거짓말의 반대말만 할게요","이창섭","거짓말의 반대말만 할게요 (비밀 사이 X 이창섭 (LEECHANGSUB))","//image.genie.co.kr/Y/IMAGE/IMG_ALBUM/085/850/954/85850954_1733726489272_1_140x140.JPG/dims/resize/Q_80,0",0,"유지","",0
184,4,"기다린 만큼, 더","검정치마","또 오해영 OST Part 7 (tvN 월화드라마)","//image.genie.co.kr/Y/IMAGE/IMG_ALBUM/080/829/462/80829462_1465809644542_1_140x140.JPG/dims/resize/Q_80,0",0,"유지","",0
185,4,"멈춰줘","헤이즈 (Heize)","눈물의 여왕 OST Part.3","//image.genie.co.kr/Y/IMAGE/IMG_ALBUM/084/887/761/84887761_1710479411959_1_140x140.JPG/dims/resize/Q_80,0",1,"상승","",0
186,4,"Heaven (2023)","임재현","시작은 첫키스 OST Part.1","//image.genie.co.kr/Y/IMAGE/IMG_ALBUM/083/763/087/83763087_1682327859933_1_140x140.JPG/dims/resize/Q_80,0",1,"하강","",0
187,4,"비가 오는 날엔 (2021)","헤이즈 (Heize)","비가 오는 날엔 (2021)","//image.genie.co.kr/Y/IMAGE/IMG_ALBUM/082/159/996/82159996_1628040430781_1_140x140.JPG/dims/resize/Q_80,0",0,"유지","",0
188,4,"Always Remember Us This Way","Lady GaGa","영화 스타 이즈 본 OST (A Star Is Born OST)","//image.genie.co.kr/Y/IMAGE/IMG_ALBUM/081/110/551/81110551_1538726445609_1_140x140.JPG/dims/resize/Q_80,0",0,"유지","",0
189,4,"그런 사람 또 없습니다","이승철","슬픔보다 더 슬픈이야기 OST 2nd","//image.genie.co.kr/Y/IMAGE/IMG_ALBUM/073/955/482/73955482_1404810872281_1_140x140.JPG/dims/resize/Q_80,0",1,"상승","",0
190,4,"그때 그 아인","김필","이태원 클라쓰 OST Part.6 (JTBC 금토드라마)","//image.genie.co.kr/Y/IMAGE/IMG_ALBUM/081/361/555/81361555_1581671198810_1_140x140.JPG/dims/resize/Q_80,0",5,"상승","",0
80,2,"헤어지자 말해요","박재정","1집 Alone","//image.genie.co.kr/Y/IMAGE/IMG_ALBUM/083/748/133/83748133_1681960235531_1_140x140.JPG/dims/resize/Q_80,0",2,"상승","",0
81,2,"봄여름가을겨울 (Still Life)","BIGBANG (빅뱅)","봄여름가을겨울 (Still Life)","//image.genie.co.kr/Y/IMAGE/IMG_ALBUM/082/624/911/82624911_1649062753955_1_140x140.JPG/dims/resize/Q_80,0",1,"하강","",0
82,2,"클락션 (Klaxon)","(여자)아이들","I SWAY","//image.genie.co.kr/Y/IMAGE/IMG_ALBUM/085/399/225/85399225_1720405890464_1_140x140.JPG/dims/resize/Q_80,0",1,"하강","",0
83,2,"청춘만화","이무진","만화 (滿花)","//image.genie.co.kr/Y/IMAGE/IMG_ALBUM/085/655/130/85655130_1728026830591_1_140x140.JPG/dims/resize/Q_80,0",0,"유지","",0
84,2,"Magnetic","아일릿 (ILLIT)","SUPER REAL ME","//image.genie.co.kr/Y/IMAGE/IMG_ALBUM/084/914/987/84914987_1711342168138_1_140x140.JPG/dims/resize/Q_80,0",0,"유지","",0
85,2,"해야 (HEYA)","IVE (아이브)","IVE SWITCH","//image.genie.co.kr/Y/IMAGE/IMG_ALBUM/085/075/031/85075031_1714115323364_1_140x140.JPG/dims/resize/Q_80,0",0,"유지","",0
86,2,"청혼하지 않을 이유를 못 찾았어","이무진","청혼하지 않을 이유를 못 찾았어","//image.genie.co.kr/Y/IMAGE/IMG_ALBUM/084/950/772/84950772_1712015258001_1_140x140.JPG/dims/resize/Q_80,0",0,"유지","",0
87,2,"그대만 있다면 (여름날 우리 X 너드커넥션 (Nerd Connection))","너드커넥션 (Nerd Connection)","그대만 있다면 (여름날 우리 X 너드커넥션 (Nerd Connection))","//image.genie.co.kr/Y/IMAGE/IMG_ALBUM/084/150/934/84150934_1691983589938_1_140x140.JPG/dims/resize/Q_80,0",0,"유지","",0
88,2,"사건의 지평선","윤하 (YOUNHA)","YOUNHA 6th Album Repackage 'END THEORY : Final Edition'","//image.genie.co.kr/Y/IMAGE/IMG_ALBUM/082/614/128/82614128_1648619377015_1_140x140.JPG/dims/resize/Q_80,0",0,"유지","",0
89,2,"다정히 내 이름을 부르면","경서예지 & 전건호","다정히 내 이름을 부르면","//image.genie.co.kr/Y/IMAGE/IMG_ALBUM/082/051/769/82051769_1621328428038_1_140x140.JPG/dims/resize/Q_80,0",0,"유지","",0
90,2,"SPOT! (Feat. JENNIE)","지코 (ZICO)","SPOT!","//image.genie.co.kr/Y/IMAGE/IMG_ALBUM/085/072/667/85072667_1714091257020_1_140x140.JPG/dims/resize/Q_80,0",0,"유지","",0
91,2,"I AM","IVE (아이브)","I've IVE","//image.genie.co.kr/Y/IMAGE/IMG_ALBUM/083/665/559/83665559_1681116738103_1_140x140.JPG/dims/resize/Q_80,0",0,"유지","",0
92,2,"Ditto","NewJeans","NewJeans 'OMG'","//image.genie.co.kr/Y/IMAGE/IMG_ALBUM/083/325/577/83325577_1702544336227_1_140x140.JPG/dims/resize/Q_80,0",0,"유지","",0
93,2,"심 (心)","DK (디셈버)","심 (心)","//image.genie.co.kr/Y/IMAGE/IMG_ALBUM/083/556/186/83556186_1676621348326_1_140x140.JPG/dims/resize/Q_80,0",0,"유지","",0
94,2,"number one girl","로제 (ROSÉ)","number one girl","//image.genie.co.kr/Y/IMAGE/IMG_ALBUM/085/798/066/85798066_1732235885781_1_140x140.JPG/dims/resize/Q_80,0",0,"유지","",0
95,2,"Igloo","KISS OF LIFE","Lose Yourself","//image.genie.co.kr/Y/IMAGE/IMG_ALBUM/085/650/192/85650192_1728969770669_1_140x140.JPG/dims/resize/Q_80,0",0,"유지","",0
96,2,"주저하는 연인들을 위해","잔나비","전설","//image.genie.co.kr/Y/IMAGE/IMG_ALBUM/081/172/042/81172042_1552452730746_1_140x140.JPG/dims/resize/Q_80,0",0,"유지","",0
97,2,"Armageddon","aespa","Armageddon - The 1st Album","//image.genie.co.kr/Y/IMAGE/IMG_ALBUM/085/165/232/85165232_1716798792825_1_140x140.JPG/dims/resize/Q_80,0",0,"유지","",0
98,2,"살기 위해서","순순희","살기 위해서","//image.genie.co.kr/Y/IMAGE/IMG_ALBUM/082/631/752/82631752_1650601078032_1_140x140.JPG/dims/resize/Q_80,0",4,"하강","",0
99,2,"To. X","태연 (TAEYEON)","To. X - The 5th Mini Album","//image.genie.co.kr/Y/IMAGE/IMG_ALBUM/084/539/814/84539814_1701067108915_1_140x140.JPG/dims/resize/Q_80,0",1,"하강","",0
100,3,"I Don't Think That I Like Her","Charlie Puth","CHARLIE","//image.genie.co.kr/Y/IMAGE/IMG_ALBUM/082/484/273/82484273_1665067200754_1_140x140.JPG/dims/resize/Q_80,0",0,"유지","",0
101,3,"Cruel Summer","Taylor Swift","Lover","//image.genie.co.kr/Y/IMAGE/IMG_ALBUM/081/261/264/81261264_1566536354779_1_140x140.JPG/dims/resize/Q_80,0",0,"유지","",0
102,3,"Older","Sasha Alex Sloan","Older","//image.genie.co.kr/Y/IMAGE/IMG_ALBUM/081/122/286/81122286_1541662943840_1_140x140.JPG/dims/resize/Q_80,0",0,"유지","",0
103,3,"Dangerously","Charlie Puth","Nine Track Mind (Deluxe Edition)","//image.genie.co.kr/Y/IMAGE/IMG_ALBUM/080/673/272/80673272_1617265225691_1_140x140.JPG/dims/resize/Q_80,0",0,"유지","",0
104,3,"When I Get Old","Christopher & 청하","When I Get Old","//image.genie.co.kr/Y/IMAGE/IMG_ALBUM/083/073/238/83073238_1665772282151_1_140x140.JPG/dims/resize/Q_80,0",0,"유지","",0
105,3,"Stay","The Kid LAROI & Justin Bieber","Stay","//image.genie.co.kr/Y/IMAGE/IMG_ALBUM/082/130/513/82130513_1625722837604_1_140x140.JPG/dims/resize/Q_80,0",0,"유지","",0
106,3,"2002","Anne-Marie","Speak Your Mind (Deluxe)","//image.genie.co.kr/Y/IMAGE/IMG_ALBUM/081/031/556/81031556_1656957034547_1_140x140.JPG/dims/resize/Q_80,0",0,"유지","",0
107,3,"Off My Face","Justin Bieber","Justice","//image.genie.co.kr/Y/IMAGE/IMG_ALBUM/081/955/089/81955089_1616129121840_1_140x140.JPG/dims/resize/Q_80,0",0,"유지","",0
108,3,"The Drum","Alan Walker","Walkerverse, Pt. I","//image.genie.co.kr/Y/IMAGE/IMG_ALBUM/082/638/202/82638202_1655369481808_1_140x140.JPG/dims/resize/Q_80,0",0,"유지","",0
109,3,"That's Hilarious","Charlie Puth","CHARLIE","//image.genie.co.kr/Y/IMAGE/IMG_ALBUM/082/484/273/82484273_1665067200754_1_140x140.JPG/dims/resize/Q_80,0",0,"유지","",0
110,3,"Shape Of You","Ed Sheeran","÷ (Deluxe)","//image.genie.co.kr/Y/IMAGE/IMG_ALBUM/080/911/494/80911494_1484644569534_1_140x140.JPG/dims/resize/Q_80,0",0,"유지","",0
111,3,"Beautiful Things","Benson Boone","Beautiful Things","//image.genie.co.kr/Y/IMAGE/IMG_ALBUM/084/712/131/84712131_1705475788188_1_140x140.JPG/dims/resize/Q_80,0",0,"유지","",0
112,3,"Memories","Maroon 5","Memories","//image.genie.co.kr/Y/IMAGE/IMG_ALBUM/081/270/251/81270251_1568955300246_1_140x140.JPG/dims/resize/Q_80,0",0,"유지","",0
113,3,"Every Second","Mina Okabe","Every Second","//image.genie.co.kr/Y/IMAGE/IMG_ALBUM/082/052/685/82052685_1621395929780_1_140x140.JPG/dims/resize/Q_80,0",0,"유지","",0
114,3,"I'm Not The Only One","Sam Smith","In The Lonely Hour","//image.genie.co.kr/Y/IMAGE/IMG_ALBUM/080/437/332/80437332_1401155109262_1_140x140.JPG/dims/resize/Q_80,0",0,"유지","",0
115,3,"Die With A Smile","Lady Gaga & Bruno Mars","Die With A Smile","//image.genie.co.kr/Y/IMAGE/IMG_ALBUM/085/520/620/85520620_1723781667920_1_140x140.JPG/dims/resize/Q_80,0",0,"유지","",0
116,3,"These Tears","Andy Grammer","These Tears","//image.genie.co.kr/Y/IMAGE/IMG_ALBUM/083/420/190/83420190_1673401415690_1_140x140.JPG/dims/resize/Q_80,0",0,"유지","",0
117,3,"Loving You Girl (Feat. Hkeem)","Peder Elias","Love & Loneliness","//image.genie.co.kr/Y/IMAGE/IMG_ALBUM/082/044/844/82044844_1651133261932_1_140x140.JPG/dims/resize/Q_80,0",0,"유지","",0
118,3,"All I Want for Christmas Is You","Mariah Carey","Merry Christmas (Deluxe Anniversary Edition)","//image.genie.co.kr/Y/IMAGE/IMG_ALBUM/080/384/589/80384589_1572569104266_1_140x140.JPG/dims/resize/Q_80,0",0,"유지","",0
119,3,"Snowman","Sia","Everyday Is Christmas (Snowman Deluxe Edition)","//image.genie.co.kr/Y/IMAGE/IMG_ALBUM/080/998/749/80998749_1643072730854_1_140x140.JPG/dims/resize/Q_80,0",0,"유지","",0
120,3,"Bad Habits","Ed Sheeran","=","//image.genie.co.kr/Y/IMAGE/IMG_ALBUM/082/110/115/82110115_1654161923419_1_140x140.JPG/dims/resize/Q_80,0",1,"상승","",0
121,3,"Bad","Christopher","Under the Surface","//image.genie.co.kr/Y/IMAGE/IMG_ALBUM/081/051/809/81051809_1588127109810_1_140x140.JPG/dims/resize/Q_80,0",1,"하강","",0
122,3,"Stronger (What Doesn't Kill You)","Kelly Clarkson","Stronger (What Doesn't Kill You)","//image.genie.co.kr/Y/IMAGE/IMG_ALBUM/080/282/407/80282407_1652028327153_1_140x140.JPG/dims/resize/Q_80,0",0,"유지","",0
123,3,"Santa Tell Me","Ariana Grande","Santa Tell Me","//image.genie.co.kr/Y/IMAGE/IMG_ALBUM/080/481/362/80481362_1416820542267_1_140x140.JPG/dims/resize/Q_80,0",0,"유지","",0
124,3,"luther","Kendrick Lamar & SZA","GNX","//image.genie.co.kr/Y/IMAGE/IMG_ALBUM/085/799/994/85799994_1732296991961_1_140x140.JPG/dims/resize/Q_80,0",2,"상승","",0
125,3,"At My Worst","Pink Sweat$","The Prelude","//image.genie.co.kr/Y/IMAGE/IMG_ALBUM/081/374/334/81374334_1595222244182_1_140x140.JPG/dims/resize/Q_80,0",1,"하강","",0
126,3,"pocket locket","Alaina Castillo","parallel universe pt. 1","//image.genie.co.kr/Y/IMAGE/IMG_ALBUM/082/050/047/82050047_1711354601050_1_140x140.JPG/dims/resize/Q_80,0",1,"상승","",0
127,3,"Faded","Alan Walker","Faded","//image.genie.co.kr/Y/IMAGE/IMG_ALBUM/080/777/145/80777145_1617945625827_1_140x140.JPG/dims/resize/Q_80,0",2,"하강","",0
128,3,"Love Yourself","Justin Bieber","Purpose (Deluxe Edition)","//image.genie.co.kr/Y/IMAGE/IMG_ALBUM/080/678/525/80678525_1447423440760_1_140x140.JPG/dims/resize/Q_80,0",0,"유지","",0
129,3,"12 : 45 (Stripped)","Etham","12 : 45 (Stripped)","//image.genie.co.kr/Y/IMAGE/IMG_ALBUM/081/120/367/81120367_1541482589342_1_140x140.JPG/dims/resize/Q_80,0",0,"유지","",0
130,3,"Here With Me","d4vd","Petals to Thorns","//image.genie.co.kr/Y/IMAGE/IMG_ALBUM/083/852/983/83852983_1684815343016_1_140x140.JPG/dims/resize/Q_80,0",0,"유지","",0
131,3,"When I Was Your Man","Bruno Mars","Unorthodox Jukebox","//image.genie.co.kr/Y/IMAGE/IMG_ALBUM/080/331/982/80331982_1476079445945_1_140x140.JPG/dims/resize/Q_80,0",3,"상승","",0
132,3,"Too Good to Say Goodbye","Bruno Mars","24K Magic","//image.genie.co.kr/Y/IMAGE/IMG_ALBUM/080/881/380/80881380_1656802544460_1_140x140.JPG/dims/resize/Q_80,0",1,"하강","",0
133,3,"Like I Do","J.Tajor","Like I Do","//image.genie.co.kr/Y/IMAGE/IMG_ALBUM/082/602/526/82602526_1648707949305_1_140x140.JPG/dims/resize/Q_80,0",1,"하강","",0
134,3,"One Call Away","Charlie Puth","Nine Track Mind (Deluxe Edition)","//image.genie.co.kr/Y/IMAGE/IMG_ALBUM/080/673/272/80673272_1617265225691_1_140x140.JPG/dims/resize/Q_80,0",1,"상승","",0
135,3,"Espresso","Sabrina Carpenter","Espresso","//image.genie.co.kr/Y/IMAGE/IMG_ALBUM/084/994/210/84994210_1712886987510_1_140x140.JPG/dims/resize/Q_80,0",2,"하강","",0
136,3,"Sugar","Maroon 5","V (Deluxe Edition)","//image.genie.co.kr/Y/IMAGE/IMG_ALBUM/080/459/535/80459535_1409492188214_1_140x140.JPG/dims/resize/Q_80,0",0,"유지","",0
137,3,"Architect","Livingston","A Hometown Odyssey","//image.genie.co.kr/Y/IMAGE/IMG_ALBUM/084/958/411/84958411_1720743430591_1_140x140.JPG/dims/resize/Q_80,0",0,"유지","",0
138,3,"Tiny Riot","Sam Ryder","The Sun's Gonna Rise","//image.genie.co.kr/Y/IMAGE/IMG_ALBUM/081/971/699/81971699_1632705335393_1_140x140.JPG/dims/resize/Q_80,0",2,"상승","",0
139,3,"Paris in the Rain","Lauv","I met you when I was 18. (the playlist)","//image.genie.co.kr/Y/IMAGE/IMG_ALBUM/081/110/605/81110605_1729531018268_1_140x140.JPG/dims/resize/Q_80,0",0,"유지","",0
140,3,"Leave The Door Open","Bruno Mars & Anderson .Paak & Silk Sonic","An Evening With Silk Sonic","//image.genie.co.kr/Y/IMAGE/IMG_ALBUM/081/933/439/81933439_1646184034193_1_140x140.JPG/dims/resize/Q_80,0",2,"상승","",0
141,3,"Touch","KATSEYE","SIS (Soft Is Strong)","//image.genie.co.kr/Y/IMAGE/IMG_ALBUM/085/461/350/85461350_1723780176171_1_140x140.JPG/dims/resize/Q_80,0",3,"하강","",0
142,3,"On My Way","Alan Walker & Sabrina Carpenter & Farruko","On My Way","//image.genie.co.kr/Y/IMAGE/IMG_ALBUM/081/174/795/81174795_1568725602850_1_140x140.JPG/dims/resize/Q_80,0",2,"상승","",0
143,3,"That's Not How This Works (Feat. Dan ＋ Shay)","Charlie Puth","That's Not How This Works","//image.genie.co.kr/Y/IMAGE/IMG_ALBUM/083/674/087/83674087_1680016534948_1_140x140.JPG/dims/resize/Q_80,0",2,"하강","",0
144,3,"Dance Monkey","Tones And I","The Kids Are Coming","//image.genie.co.kr/Y/IMAGE/IMG_ALBUM/081/255/286/81255286_1652381130791_1_140x140.JPG/dims/resize/Q_80,0",1,"하강","",0
145,3,"I Ain't Worried","OneRepublic","I Ain't Worried (Music From The Motion Picture 'Top Gun : Maverick')","//image.genie.co.kr/Y/IMAGE/IMG_ALBUM/082/688/221/82688221_1652348740389_1_140x140.JPG/dims/resize/Q_80,0",2,"상승","",0
146,3,"Viva La Vida","Coldplay","Viva La Vida Or Death And All His Friends","//image.genie.co.kr/Y/IMAGE/IMG_ALBUM/060/293/453/60293453_1438154839807_1_140x140.JPG/dims/resize/Q_80,0",0,"유지","",0
147,3,"See You Again (Feat. Charlie Puth)","Wiz Khalifa","Furious 7 : Original Motion Picture Soundtrack","//image.genie.co.kr/Y/IMAGE/IMG_ALBUM/080/538/909/80538909_1617265230205_1_140x140.JPG/dims/resize/Q_80,0",2,"상승","",0
148,3,"Underneath the Tree","Kelly Clarkson","Wrapped In Red (Deluxe Ver.)","//image.genie.co.kr/Y/IMAGE/IMG_ALBUM/080/380/943/80380943_1604631025939_1_140x140.JPG/dims/resize/Q_80,0",0,"유지","",0
149,3,"Ghost Town","Benson Boone","Ghost Town","//image.genie.co.kr/Y/IMAGE/IMG_ALBUM/082/341/606/82341606_1634531780585_1_140x140.JPG/dims/resize/Q_80,0",4,"하강","",0
150,4,"소나기","이클립스 (ECLIPSE)","선재 업고 튀어 OST Part 1","//image.genie.co.kr/Y/IMAGE/IMG_ALBUM/084/416/267/84416267_1712539030215_1_140x140.JPG/dims/resize/Q_80,0",0,"유지","",0
151,4,"너의 모든 순간","성시경","별에서 온 그대 OST Part.7 (SBS 수목드라마)","//image.genie.co.kr/Y/IMAGE/IMG_ALBUM/080/401/547/80401547_1392172764399_1_140x140.JPG/dims/resize/Q_80,0",0,"유지","",0
152,4,"미안해 미워해 사랑해","Crush","눈물의 여왕 OST Part.4","//image.genie.co.kr/Y/IMAGE/IMG_ALBUM/084/914/936/84914936_1711089894911_1_140x140.JPG/dims/resize/Q_80,0",0,"유지","",0
153,4,"사랑인가 봐","멜로망스 (MeloMance)","사랑인가 봐 (사내맞선 OST 스페셜 트랙)","//image.genie.co.kr/Y/IMAGE/IMG_ALBUM/082/540/759/82540759_1645152997958_1_140x140.JPG/dims/resize/Q_80,0",0,"유지","",0
154,4,"모든 날, 모든 순간 (Every day, Every Moment)","폴킴","'키스 먼저 할까요?' OST Part. 3 (SBS 월화드라마)","//image.genie.co.kr/Y/IMAGE/IMG_ALBUM/081/044/453/81044453_1521524523818_1_140x140.JPG/dims/resize/Q_80,0",0,"유지","",0
155,4,"희재","성시경","국화꽃 향기 OST","//image.genie.co.kr/Y/IMAGE/IMG_ALBUM/015/027/331/15027331_1464600209946_1_140x140.JPG/dims/resize/Q_80,0",0,"유지","",0
156,4,"어른","Sondia","나의 아저씨 OST Part. 2 (tvN 수목드라마)","//image.genie.co.kr/Y/IMAGE/IMG_ALBUM/081/048/807/81048807_1522310270525_1_140x140.JPG/dims/resize/Q_80,0",0,"유지","",0
1,1,"HOME SWEET HOME (Feat. 태양 & 대성)","G-DRAGON","HOME SWEET HOME","//image.genie.co.kr/Y/IMAGE/IMG_ALBUM/085/795/386/85795386_1732170719581_1_140x140.JPG/dims/resize/Q_80,0",0,"유지","",0
2,1,"APT.","로제 (ROSÉ) & Bruno Mars","APT.","//image.genie.co.kr/Y/IMAGE/IMG_ALBUM/085/693/971/85693971_1729212690074_1_140x140.JPG/dims/resize/Q_80,0",0,"유지","",0
3,1,"Whiplash","aespa","Whiplash - The 5th Mini Album","//image.genie.co.kr/Y/IMAGE/IMG_ALBUM/085/694/834/85694834_1729236989658_1_140x140.JPG/dims/resize/Q_80,0",0,"유지","",0
4,1,"나는 반딧불","황가람","나는 반딧불","//image.genie.co.kr/Y/IMAGE/IMG_ALBUM/085/694/890/85694890_1729238188939_1_140x140.JPG/dims/resize/Q_80,0",0,"유지","",0
5,1,"toxic till the end","로제 (ROSÉ)","rosie","//image.genie.co.kr/Y/IMAGE/IMG_ALBUM/085/838/476/85838476_1733375833981_1_140x140.JPG/dims/resize/Q_80,0",0,"유지","",0
6,1,"HAPPY","DAY6 (데이식스)","Fourever","//image.genie.co.kr/Y/IMAGE/IMG_ALBUM/084/877/280/84877280_1710728168568_1_140x140.JPG/dims/resize/Q_80,0",0,"유지","",0
7,1,"너와의 모든 지금","재쓰비 (JAESSBEE)","너와의 모든 지금","//image.genie.co.kr/Y/IMAGE/IMG_ALBUM/085/758/344/85758344_1731048739763_1_140x140.JPG/dims/resize/Q_80,0",0,"유지","",0
8,1,"내 이름 맑음","QWER","2nd Mini Album 'Algorithm's Blossom'","//image.genie.co.kr/Y/IMAGE/IMG_ALBUM/085/556/176/85556176_1727059041255_1_140x140.JPG/dims/resize/Q_80,0",0,"유지","",0
9,1,"POWER","G-DRAGON","POWER","//image.genie.co.kr/Y/IMAGE/IMG_ALBUM/085/729/971/85729971_1730269317798_1_140x140.JPG/dims/resize/Q_80,0",1,"상승","",0
10,1,"내게 사랑이 뭐냐고 물어본다면","로이킴","내게 사랑이 뭐냐고 물어본다면","//image.genie.co.kr/Y/IMAGE/IMG_ALBUM/085/662/151/85662151_1729042126804_1_140x140.JPG/dims/resize/Q_80,0",1,"상승","",0
11,1,"Drowning","WOODZ","OO-LI","//image.genie.co.kr/Y/IMAGE/IMG_ALBUM/083/570/761/83570761_1682496044865_1_140x140.JPG/dims/resize/Q_80,0",1,"하강","",0
12,1,"Welcome to the Show","DAY6 (데이식스)","Fourever","//image.genie.co.kr/Y/IMAGE/IMG_ALBUM/084/877/280/84877280_1710728168568_1_140x140.JPG/dims/resize/Q_80,0",1,"하강","",0
13,1,"한 페이지가 될 수 있게","DAY6 (데이식스)","The Book of Us : Gravity","//image.genie.co.kr/Y/IMAGE/IMG_ALBUM/081/244/101/81244101_1563174738943_1_140x140.JPG/dims/resize/Q_80,0",0,"유지","",0
14,1,"Supernova","aespa","Armageddon - The 1st Album","//image.genie.co.kr/Y/IMAGE/IMG_ALBUM/085/165/232/85165232_1716798792825_1_140x140.JPG/dims/resize/Q_80,0",0,"유지","",0
15,1,"소나기","이클립스 (ECLIPSE)","선재 업고 튀어 OST Part 1","//image.genie.co.kr/Y/IMAGE/IMG_ALBUM/084/416/267/84416267_1712539030215_1_140x140.JPG/dims/resize/Q_80,0",1,"상승","",0
16,1,"UP (KARINA Solo)","aespa","SYNK : PARALLEL LINE - Special Digital Single","//image.genie.co.kr/Y/IMAGE/IMG_ALBUM/085/664/591/85664591_1728366690840_1_140x140.JPG/dims/resize/Q_80,0",1,"상승","",0
17,1,"고민중독","QWER","1st Mini Album 'MANITO'","//image.genie.co.kr/Y/IMAGE/IMG_ALBUM/084/934/155/84934155_1711856063083_1_140x140.JPG/dims/resize/Q_80,0",1,"상승","",0
18,1,"천상연","이창섭","천상연 (웹툰 '선녀외전' X 이창섭 (LEE CHANGSUB))","//image.genie.co.kr/Y/IMAGE/IMG_ALBUM/084/815/509/84815509_1708311688384_1_140x140.JPG/dims/resize/Q_80,0",1,"상승","",0
19,1,"슬픈 초대장","순순희 (지환)","슬픈 초대장","//image.genie.co.kr/Y/IMAGE/IMG_ALBUM/084/626/244/84626244_1702951496211_1_140x140.JPG/dims/resize/Q_80,0",2,"하강","",0
20,1,"예뻤어","DAY6 (데이식스)","Every DAY6 February","//image.genie.co.kr/Y/IMAGE/IMG_ALBUM/080/919/666/80919666_1486113823984_1_140x140.JPG/dims/resize/Q_80,0",2,"하강","",0
21,1,"Mantra","제니 (JENNIE)","Mantra","//image.genie.co.kr/Y/IMAGE/IMG_ALBUM/085/672/947/85672947_1728543992528_1_140x140.JPG/dims/resize/Q_80,0",0,"유지","",0
22,1,"나는 아픈 건 딱 질색이니까","(여자)아이들","2","//image.genie.co.kr/Y/IMAGE/IMG_ALBUM/084/718/499/84718499_1706517983529_1_140x140.JPG/dims/resize/Q_80,0",0,"유지","",0
23,1,"어떻게 이별까지 사랑하겠어, 널 사랑하는 거지","AKMU (악뮤)","항해","//image.genie.co.kr/Y/IMAGE/IMG_ALBUM/081/271/853/81271853_1569396403906_1_140x140.JPG/dims/resize/Q_80,0",0,"유지","",0
24,1,"Love wins all","아이유 (IU)","The Winning","//image.genie.co.kr/Y/IMAGE/IMG_ALBUM/084/729/887/84729887_1708417120198_1_140x140.JPG/dims/resize/Q_80,0",0,"유지","",0
25,1,"에피소드","이무진","에피소드","//image.genie.co.kr/Y/IMAGE/IMG_ALBUM/084/600/370/84600370_1702445165120_1_140x140.JPG/dims/resize/Q_80,0",1,"상승","",0
26,1,"비의 랩소디","임재현","비의 랩소디","//image.genie.co.kr/Y/IMAGE/IMG_ALBUM/084/545/218/84545218_1701255631132_1_140x140.JPG/dims/resize/Q_80,0",1,"상승","",0
27,1,"첫 만남은 계획대로 되지 않아","TWS (투어스)","TWS 1st Mini Album 'Sparkling Blue'","//image.genie.co.kr/Y/IMAGE/IMG_ALBUM/084/662/081/84662081_1705913418886_1_140x140.JPG/dims/resize/Q_80,0",1,"상승","",0
28,1,"DRIP","BABYMONSTER","DRIP","//image.genie.co.kr/Y/IMAGE/IMG_ALBUM/085/729/404/85729404_1730422138405_1_140x140.JPG/dims/resize/Q_80,0",1,"상승","",0
29,1,"How Sweet","NewJeans","How Sweet","//image.genie.co.kr/Y/IMAGE/IMG_ALBUM/085/075/275/85075275_1716515409009_1_140x140.JPG/dims/resize/Q_80,0",2,"하강","",0
30,1,"사랑은 늘 도망가","임영웅","신사와 아가씨 OST Part.2","//image.genie.co.kr/Y/IMAGE/IMG_ALBUM/082/322/594/82322594_1633671778123_1_140x140.JPG/dims/resize/Q_80,0",2,"하강","",0
31,1,"헤어지자 말해요","박재정","1집 Alone","//image.genie.co.kr/Y/IMAGE/IMG_ALBUM/083/748/133/83748133_1681960235531_1_140x140.JPG/dims/resize/Q_80,0",0,"유지","",0
32,1,"Small girl (Feat. 도경수 (D.O.))","이영지","16 Fantasy","//image.genie.co.kr/Y/IMAGE/IMG_ALBUM/085/338/698/85338698_1718875009670_1_140x140.JPG/dims/resize/Q_80,0",0,"유지","",0
33,1,"그대만 있다면 (여름날 우리 X 너드커넥션 (Nerd Connection))","너드커넥션 (Nerd Connection)","그대만 있다면 (여름날 우리 X 너드커넥션 (Nerd Connection))","//image.genie.co.kr/Y/IMAGE/IMG_ALBUM/084/150/934/84150934_1691983589938_1_140x140.JPG/dims/resize/Q_80,0",0,"유지","",0
34,1,"봄여름가을겨울 (Still Life)","BIGBANG (빅뱅)","봄여름가을겨울 (Still Life)","//image.genie.co.kr/Y/IMAGE/IMG_ALBUM/082/624/911/82624911_1649062753955_1_140x140.JPG/dims/resize/Q_80,0",0,"유지","",0
35,1,"클락션 (Klaxon)","(여자)아이들","I SWAY","//image.genie.co.kr/Y/IMAGE/IMG_ALBUM/085/399/225/85399225_1720405890464_1_140x140.JPG/dims/resize/Q_80,0",0,"유지","",0
36,1,"심 (心)","DK (디셈버)","심 (心)","//image.genie.co.kr/Y/IMAGE/IMG_ALBUM/083/556/186/83556186_1676621348326_1_140x140.JPG/dims/resize/Q_80,0",0,"유지","",0
37,1,"해야 (HEYA)","IVE (아이브)","IVE SWITCH","//image.genie.co.kr/Y/IMAGE/IMG_ALBUM/085/075/031/85075031_1714115323364_1_140x140.JPG/dims/resize/Q_80,0",0,"유지","",0
38,1,"청춘만화","이무진","만화 (滿花)","//image.genie.co.kr/Y/IMAGE/IMG_ALBUM/085/655/130/85655130_1728026830591_1_140x140.JPG/dims/resize/Q_80,0",0,"유지","",0
39,1,"Magnetic","아일릿 (ILLIT)","SUPER REAL ME","//image.genie.co.kr/Y/IMAGE/IMG_ALBUM/084/914/987/84914987_1711342168138_1_140x140.JPG/dims/resize/Q_80,0",0,"유지","",0
305,7,"Sunset Bird","이루마","Sunset Bird","//image.genie.co.kr/Y/IMAGE/IMG_ALBUM/081/436/501/81436501_1588916805027_1_140x140.JPG/dims/resize/Q_80,0",0,"유지","",0
306,7,"인생의 회전목마 (from '하울의 움직이는 성')","Hisaishi Joe & Royal Philharmonic Orchestra","A Symphonic Celebration - 스튜디오 지브리 애니메이션 음악","//image.genie.co.kr/Y/IMAGE/IMG_ALBUM/083/988/207/83988207_1687917334828_1_140x140.JPG/dims/resize/Q_80,0",0,"유지","",0
307,7,"Chopin : Nocturne No.1 In B Flat Minor, Op.9 No.1","백건우","Chopin The Complete Nocturnes","//image.genie.co.kr/Y/IMAGE/IMG_ALBUM/081/167/996/81167996_1551755071234_1_140x140.JPG/dims/resize/Q_80,0",1,"상승","",0
308,7,"Ravel : À la manière de Chabrier, M. 63/2","조성진","Ravel : À la manière de Chabrier, M. 63/2","//image.genie.co.kr/Y/IMAGE/IMG_ALBUM/085/905/593/85905593_1735695689685_1_140x140.JPG/dims/resize/Q_80,0",3,"상승","",0
309,7,"Spring Waltz","이루마","Spring Waltz","//image.genie.co.kr/Y/IMAGE/IMG_ALBUM/082/054/298/82054298_1621493426235_1_140x140.JPG/dims/resize/Q_80,0",3,"상승","",0
310,7,"Le Voyage","윤한 (Yoonhan)","Le Voyage","//image.genie.co.kr/Y/IMAGE/IMG_ALBUM/085/850/276/85850276_1733707889663_1_140x140.JPG/dims/resize/Q_80,0",3,"하강","",0
311,7,"Chopin : Nocturnes, Op. 9 : No. 2 in E Flat Major. Andante","조성진","Chopin : Piano Concerto No. 2； Scherzi","//image.genie.co.kr/Y/IMAGE/IMG_ALBUM/082/214/529/82214529_1629945928719_1_140x140.JPG/dims/resize/Q_80,0",1,"하강","",0
312,7,"Ludwig Van Beethoven : Piano Sonata No.17 In D Minor, Op.31 No.2 -'Tempest' - 2. Adagio","Maurizio Pollini","Beethoven : Piano Sonatas Op.27 No.1 & 2, Op.31 No.2 & Op.53 (CD 4)","//image.genie.co.kr/Y/IMAGE/IMG_ALBUM/080/499/534/80499534_1419839835457_1_140x140.JPG/dims/resize/Q_80,0",2,"상승","",0
313,7,"Innocent (천공의 성 라퓨타 OST)","Hisaishi Joe","히사이시 조 에센셜 앨범 (Dream Songs)","//image.genie.co.kr/Y/IMAGE/IMG_ALBUM/081/367/347/81367347_1582174810471_1_140x140.JPG/dims/resize/Q_80,0",4,"하강","",0
314,7,"Schubert : Piano Sonata No.18 In G, D.894 - 1. Molto Moderato E Cantabile","Michail Lifits","Schubert : Piano Sonatas D 894 & D 845","//image.genie.co.kr/Y/IMAGE/IMG_ALBUM/080/560/806/80560806_1596482152708_1_140x140.JPG/dims/resize/Q_80,0",2,"상승","",0
315,7,"넬라 판타지아","포레스텔라 (Forestella)","넬라 판타지아","//image.genie.co.kr/Y/IMAGE/IMG_ALBUM/081/414/226/81414226_1586398247856_1_140x140.JPG/dims/resize/Q_80,0",2,"하강","",0
316,7,"If I Could See You Again","이루마","If I Could See You Again","//image.genie.co.kr/Y/IMAGE/IMG_ALBUM/082/097/352/82097352_1623911726301_1_140x140.JPG/dims/resize/Q_80,0",2,"상승","",0
317,7,"Ravel : Le tombeau de Couperin, M. 68 : I. Prélude","조성진","Ravel : Le tombeau de Couperin, M. 68 : I. Prélude","//image.genie.co.kr/Y/IMAGE/IMG_ALBUM/085/791/447/85791447_1732079554695_1_140x140.JPG/dims/resize/Q_80,0",0,"유지","",0
318,7,"어느 여름날 (One Summer's Day)","Hisaishi Joe & London Symphony Orchestra","히사이시 조 에센셜 앨범 (Dream Songs)","//image.genie.co.kr/Y/IMAGE/IMG_ALBUM/081/367/347/81367347_1582174810471_1_140x140.JPG/dims/resize/Q_80,0",3,"상승","",0
319,7,"Ravel : Sonatine, M. 40 : I. Modéré","조성진","Ravel : Sonatine, M. 40 : I. Modéré","//image.genie.co.kr/Y/IMAGE/IMG_ALBUM/085/857/170/85857170_1733910713903_1_140x140.JPG/dims/resize/Q_80,0",1,"상승","",0
320,7,"Angel","포레스텔라 (Forestella)","Mystique","//image.genie.co.kr/Y/IMAGE/IMG_ALBUM/081/209/080/81209080_1558489823538_1_140x140.JPG/dims/resize/Q_80,0",1,"하강","",0
321,7,"베토벤 : 피아노 협주곡 5번 '황제' 2악장 - Beethoven : Piano Concerto No. 5 In E-Flat Major, Op. 73 'Emperor' : II. Adagio Un Poco Mosso","임윤찬 (Yunchan Lim) & 광주시립교향악단 & 홍석원","베토벤, 윤이상, 바버 (Beethoven, Isang Yun, Barber)","//image.genie.co.kr/Y/IMAGE/IMG_ALBUM/083/233/090/83233090_1669599434663_1_140x140.JPG/dims/resize/Q_80,0",6,"하강","",0
322,7,"Chopin : 12 Études, Op. 10 - No. 3 in E Major 'Tristesse'","임윤찬 (Yunchan Lim)","Chopin : Études, Opp. 10 & 25","//image.genie.co.kr/Y/IMAGE/IMG_ALBUM/085/022/876/85022876_1713321707126_1_140x140.JPG/dims/resize/Q_80,0",7,"상승","",0
323,7,"We Contain Multitudes — piano reworks","이루마 & Olafur Arnalds","We Contain Multitudes — piano reworks","//image.genie.co.kr/Y/IMAGE/IMG_ALBUM/083/025/406/83025406_1664386828435_1_140x140.JPG/dims/resize/Q_80,0",0,"유지","",0
324,7,"Liszt : Consolations, S.172 : No. 3 in D-Flat Major. Lento, placido","조성진","Liszt : Consolations, S. 172 : No. 3 Lento placido in D Flat Major (Musical Moments)","//image.genie.co.kr/Y/IMAGE/IMG_ALBUM/082/018/297/82018297_1619587526232_1_140x140.JPG/dims/resize/Q_80,0",4,"상승","",0
325,7,"쇼팽 : 발라드 4번 바단조 작품번호 52 (Chopin : Ballade No.4 In F Minor, Op.52)","조성진","쇼팽 : 피아노 협주곡 1번과 발라드 (Deluxe Edition)","//image.genie.co.kr/Y/IMAGE/IMG_ALBUM/080/907/771/80907771_1482399733868_1_140x140.JPG/dims/resize/Q_80,0",3,"하강","",0
326,7,"Chopin : 12 Études, Op. 10 - No. 6 in E-Flat Minor 'Lament'","임윤찬 (Yunchan Lim)","Chopin : 12 Études, Op. 10 : No. 6 in E-Flat Minor 'Lament'","//image.genie.co.kr/Y/IMAGE/IMG_ALBUM/084/865/535/84865535_1709863589485_1_140x140.JPG/dims/resize/Q_80,0",4,"상승","",0
327,7,"Chopin : Barcarolle In F Sharp, Op.60","Krystian Zimerman","Chopin & Ballades & Barcarolle : Fantaisie","//image.genie.co.kr/Y/IMAGE/IMG_ALBUM/080/273/428/80273428_1530776736926_1_140x140.JPG/dims/resize/Q_80,0",0,"유지","",0
328,7,"바다가 보이는 마을 (from '마녀 배달부 키키')","Hisaishi Joe & Royal Philharmonic Orchestra","A Symphonic Celebration - 스튜디오 지브리 애니메이션 음악","//image.genie.co.kr/Y/IMAGE/IMG_ALBUM/083/988/207/83988207_1687917334828_1_140x140.JPG/dims/resize/Q_80,0",4,"하강","",0
329,7,"Rose Bay","Ludovico Einaudi","Rose Bay","//image.genie.co.kr/Y/IMAGE/IMG_ALBUM/085/650/331/85650331_1728006391925_1_140x140.JPG/dims/resize/Q_80,0",4,"하강","",0
330,7,"슈만 : 어린이의 정경, 작품번호 15 중 7번 '트로이메라이'","백건우","슈만 : 어린이의 정경, 작품번호 15 중 7번 '트로이메라이'","//image.genie.co.kr/Y/IMAGE/IMG_ALBUM/081/555/155/81555155_1598835625629_1_140x140.JPG/dims/resize/Q_80,0",2,"상승","",0
331,7,"오페라 '피가로의 결혼' 작품 492 : 서곡","Wolfgang Amadeus Mozart","Mozart 250 A Celebration","//image.genie.co.kr/Y/IMAGE/IMG_ALBUM/038/133/787/38133787_1406257092575_1_140x140.JPG/dims/resize/Q_80,0",0,"유지","",0
332,7,"Movement, Before All Flowers","Max Richter","In A Landscape","//image.genie.co.kr/Y/IMAGE/IMG_ALBUM/085/568/304/85568304_1725587190077_1_140x140.JPG/dims/resize/Q_80,0",6,"하강","",0
333,7,"바람이 지나가는 길 (The Wind Forest)","Hisaishi Joe","히사이시 조 에센셜 앨범 (Dream Songs)","//image.genie.co.kr/Y/IMAGE/IMG_ALBUM/081/367/347/81367347_1582174810471_1_140x140.JPG/dims/resize/Q_80,0",6,"상승","",0
334,7,"Mozart : Piano Sonata No.11 In A, K.331 -'Alla Turca' - 1. Tema (Andante Grazioso) Con Variazioni","Ivo Pogorelich","Mozart : Piano Sonatas K.283 & K.331; Fantasia K.397","//image.genie.co.kr/Y/IMAGE/IMG_ALBUM/080/287/467/80287467_1_140x140.JPG/dims/resize/Q_80,0",1,"상승","",0
335,7,"Rameau, Olafsson : 라모, 올라프손 : The Arts and the Hours (예술과 시간)","Vikingur Olafsson","Rameau, Olafsson : The Arts and the Hours","//image.genie.co.kr/Y/IMAGE/IMG_ALBUM/081/380/979/81380979_1583393957454_1_140x140.JPG/dims/resize/Q_80,0",5,"상승","",0
336,7,"Field : Nocturne No. 9 in E Minor, H. 46","Alice Sara Ott","Field : Nocturne No. 9 in E Minor, H. 46","//image.genie.co.kr/Y/IMAGE/IMG_ALBUM/085/809/322/85809322_1732844792138_1_140x140.JPG/dims/resize/Q_80,0",3,"하강","",0
337,7,"Adieux","Ludovico Einaudi","Adieux","//image.genie.co.kr/Y/IMAGE/IMG_ALBUM/084/665/483/84665483_1704424563210_1_140x140.JPG/dims/resize/Q_80,0",16,"상승","",0
338,7,"Liszt : Annees De Pelerinage: 2eme Annee: Italie, S.161 - 1. Sposalizio","Lazar Berman","Liszt : Annees De Pelerinage","//image.genie.co.kr/Y/IMAGE/IMG_ALBUM/080/359/077/80359077_1379322163210_1_140x140.JPG/dims/resize/Q_80,0",0,"유지","",0
339,7,"Chopin : Polonaise In A Flat Major Op. 53 (쇼팽 : 폴로네이즈 A플랫 장조 Op.53)","조성진","2015 쇼팽 콩쿠르 실황앨범","//image.genie.co.kr/Y/IMAGE/IMG_ALBUM/080/732/796/80732796_1447321803638_1_140x140.JPG/dims/resize/Q_80,0",2,"하강","",0
340,7,"Chopin : Piano Concerto No. 2 in F Minor, Op. 21 : I. Maestoso","Seong-Jin Cho & London Symphony Orchestra & Gianandrea Noseda","Chopin : Piano Concerto No. 2； Scherzi","//image.genie.co.kr/Y/IMAGE/IMG_ALBUM/082/214/529/82214529_1629945928719_1_140x140.JPG/dims/resize/Q_80,0",2,"상승","",0
341,7,"Time To Say Goodbye (Con Te Partiro) (Feat. Sarah Brightman) (tvN 수목드라마 '슬기로운 감빵생활' 삽입곡)","Andrea Bocelli & Sarah Brightman","Romanza","//image.genie.co.kr/Y/IMAGE/IMG_ALBUM/042/267/350/42267350_1405394549794_1_140x140.JPG/dims/resize/Q_80,0",5,"하강","",0
342,7,"Waltz In A Dream","Akira Kosemura","Waltz In A Dream","//image.genie.co.kr/Y/IMAGE/IMG_ALBUM/084/802/235/84802235_1707902188651_1_140x140.JPG/dims/resize/Q_80,0",7,"상승","",0
343,7,"Summer (기쿠지로의 여름 OST)","Hisaishi Joe & London Symphony Orchestra","히사이시 조 에센셜 앨범 (Dream Songs)","//image.genie.co.kr/Y/IMAGE/IMG_ALBUM/081/367/347/81367347_1582174810471_1_140x140.JPG/dims/resize/Q_80,0",2,"하강","",0
344,7,"Mozart : Piano Concerto No. 20 In D Minor, K. 466 - 2. Romance","조성진 & Chamber Orchestra Of Europe & Yannick Nezet-Seguin","Mozart : Piano Concerto No. 20, K. 466； Piano Sonatas, K. 281 & 332","//image.genie.co.kr/Y/IMAGE/IMG_ALBUM/081/126/876/81126876_1542350954877_1_140x140.JPG/dims/resize/Q_80,0",1,"하강","",0
345,7,"꽃빛","윤한 (Yoonhan)","남해 (NAMHAE)","//image.genie.co.kr/Y/IMAGE/IMG_ALBUM/082/924/776/82924776_1661313043140_1_140x140.JPG/dims/resize/Q_80,0",1,"하강","",0
346,7,"Lenn : Violet","Ifer Lenn","Violet","//image.genie.co.kr/Y/IMAGE/IMG_ALBUM/082/334/567/82334567_1634157327299_1_140x140.JPG/dims/resize/Q_80,0",1,"하강","",0
347,7,"Hijo De La Luna (달의 아들)","포레스텔라 (Forestella)","Mystique","//image.genie.co.kr/Y/IMAGE/IMG_ALBUM/081/209/080/81209080_1558489823538_1_140x140.JPG/dims/resize/Q_80,0",7,"상승","",0
191,4,"서랍","10CM","그 해 우리는 OST Part.1","//image.genie.co.kr/Y/IMAGE/IMG_ALBUM/082/427/538/82427538_1639109943289_1_140x140.JPG/dims/resize/Q_80,0",1,"상승","",0
192,4,"Rewrite The Stars","Zac Efron & Zendaya","위대한 쇼맨 (The Greatest Showman) OST","//image.genie.co.kr/Y/IMAGE/IMG_ALBUM/080/996/977/80996977_1635396626729_1_140x140.JPG/dims/resize/Q_80,0",1,"하강","",0
193,4,"내 생에 아름다운","케이윌 (K.Will)","뷰티 인사이드 OST Part.4 (JTBC 월화드라마)","//image.genie.co.kr/Y/IMAGE/IMG_ALBUM/081/116/040/81116040_1540262181045_1_140x140.JPG/dims/resize/Q_80,0",1,"상승","",0
194,4,"사랑하게 될 줄 알았어","전미도","슬기로운 의사생활 OST Part 11 (tvN 목요드라마)","//image.genie.co.kr/Y/IMAGE/IMG_ALBUM/081/449/172/81449172_1590049611530_1_140x140.JPG/dims/resize/Q_80,0",4,"상승","",0
195,4,"Beautiful","Crush","도깨비 OST Part 4 (tvN 금토드라마)","//image.genie.co.kr/Y/IMAGE/IMG_ALBUM/080/905/088/80905088_1481880855270_1_140x140.JPG/dims/resize/Q_80,0",2,"하강","",0
196,4,"처음부터 너와 나","볼빨간사춘기","군주 - 가면의 주인 OST Part.2 (MBC 수목드라마)","//image.genie.co.kr/Y/IMAGE/IMG_ALBUM/080/947/504/80947504_1494997310421_1_140x140.JPG/dims/resize/Q_80,0",0,"유지","",0
197,4,"질풍가도 ('쾌걸 근육맨 2세' 1기 여는노래)","유정석","쾌걸근육맨 2세 OST","//image.genie.co.kr/Y/IMAGE/IMG_ALBUM/038/715/079/38715079_1_140x140.jpg/dims/resize/Q_80,0",0,"유지","",0
198,4,"달빛에 그려지는","미연 ((여자)아이들)","연인 OST Part.4","//image.genie.co.kr/Y/IMAGE/IMG_ALBUM/084/173/979/84173979_1692349444153_1_140x140.JPG/dims/resize/Q_80,0",2,"상승","",0
199,4,"꿈결같아서","민니 ((여자)아이들)","선재 업고 튀어 OST Part 3","//image.genie.co.kr/Y/IMAGE/IMG_ALBUM/084/993/538/84993538_1713232188368_1_140x140.JPG/dims/resize/Q_80,0",4,"상승","",0
200,5,"이제 나만 믿어요","임영웅","내일은 미스터트롯 우승자 특전곡","//image.genie.co.kr/Y/IMAGE/IMG_ALBUM/081/410/156/81410156_1585878705990_1_140x140.JPG/dims/resize/Q_80,0",0,"유지","",0
201,5,"보금자리","임영웅","IM HERO","//image.genie.co.kr/Y/IMAGE/IMG_ALBUM/082/638/032/82638032_1651479062721_1_140x140.JPG/dims/resize/Q_80,0",0,"유지","",0
202,5,"진짜배기","이명화","유난이다 이명화","//image.genie.co.kr/Y/IMAGE/IMG_ALBUM/085/805/250/85805250_1732518340189_1_140x140.JPG/dims/resize/Q_80,0",0,"유지","",0
203,5,"초혼","장윤정","올래","//image.genie.co.kr/Y/IMAGE/IMG_ALBUM/080/147/560/80147560_1579247970582_1_140x140.JPG/dims/resize/Q_80,0",0,"유지","",0
204,5,"별빛 같은 나의 사랑아","임영웅","별빛 같은 나의 사랑아","//image.genie.co.kr/Y/IMAGE/IMG_ALBUM/081/937/593/81937593_1615269390301_1_140x140.JPG/dims/resize/Q_80,0",2,"상승","",0
205,5,"진또배기","이찬원","내일은 미스터트롯 예선곡 베스트","//image.genie.co.kr/Y/IMAGE/IMG_ALBUM/081/346/275/81346275_1579227993614_1_140x140.JPG/dims/resize/Q_80,0",1,"하강","",0
206,5,"니가 왜 거기서 나와 (Narr. 고은아)","영탁","니가 왜 거기서 나와","//image.genie.co.kr/Y/IMAGE/IMG_ALBUM/081/115/569/81115569_1539937310079_1_140x140.JPG/dims/resize/Q_80,0",0,"유지","",0
207,5,"바램","임영웅","내일은 미스터트롯 예선곡 베스트","//image.genie.co.kr/Y/IMAGE/IMG_ALBUM/081/346/275/81346275_1579227993614_1_140x140.JPG/dims/resize/Q_80,0",0,"유지","",0
208,5,"쏜살","김호중","A LIFE (세상)","//image.genie.co.kr/Y/IMAGE/IMG_ALBUM/084/958/389/84958389_1712187712338_1_140x140.JPG/dims/resize/Q_80,0",0,"유지","",0
209,5,"어느 60대 노부부이야기","임영웅","내일은 미스터트롯 트롯 에이드 베스트","//image.genie.co.kr/Y/IMAGE/IMG_ALBUM/081/368/840/81368840_1582250224846_1_140x140.JPG/dims/resize/Q_80,0",1,"상승","",0
210,5,"사랑아","장윤정","장윤정 Best - The Encore","//image.genie.co.kr/Y/IMAGE/IMG_ALBUM/052/452/009/52452009_1442294446377_1_140x140.JPG/dims/resize/Q_80,0",1,"상승","",0
211,5,"찐이야","영탁","내일은 미스터트롯 결승전 베스트","//image.genie.co.kr/Y/IMAGE/IMG_ALBUM/081/388/783/81388783_1584065968502_1_140x140.JPG/dims/resize/Q_80,0",2,"하강","",0
212,5,"아파트","윤수일","골든 힛트곡 모음집(사랑만은 않겠어요)","//image.genie.co.kr/Y/IMAGE/IMG_ALBUM/052/064/969/52064969_1316570557375_1_140x140.JPG/dims/resize/Q_80,0",9,"하강","",0
213,5,"여백","정동원 (Jeong Dong Won)","내일은 미스터트롯 결승전 베스트","//image.genie.co.kr/Y/IMAGE/IMG_ALBUM/081/388/783/81388783_1584065968502_1_140x140.JPG/dims/resize/Q_80,0",0,"유지","",0
214,5,"목포행 완행열차","장윤정","preparation (쁘레빠라씨용)","//image.genie.co.kr/Y/IMAGE/IMG_ALBUM/081/169/715/81169715_1552289773990_1_140x140.JPG/dims/resize/Q_80,0",0,"유지","",0
215,5,"평행선","문희옥","First Single","//image.genie.co.kr/Y/IMAGE/IMG_ALBUM/081/242/304/81242304_1562749919582_1_140x140.JPG/dims/resize/Q_80,0",1,"상승","",0
216,5,"사랑 참","장윤정","preparation (쁘레빠라씨용)","//image.genie.co.kr/Y/IMAGE/IMG_ALBUM/081/169/715/81169715_1552289773990_1_140x140.JPG/dims/resize/Q_80,0",1,"상승","",0
217,5,"독백","정동원 (Jeong Dong Won)","소품집 Vol.1","//image.genie.co.kr/Y/IMAGE/IMG_ALBUM/084/219/101/84219101_1695198744306_1_140x140.JPG/dims/resize/Q_80,0",2,"하강","",0
218,5,"테스형!","나훈아","아홉 이야기","//image.genie.co.kr/Y/IMAGE/IMG_ALBUM/081/542/289/81542289_1597884619475_1_140x140.JPG/dims/resize/Q_80,0",0,"유지","",0
219,5,"다시 사랑한다면 (김필 Ver.)","임영웅","사랑의 콜센타 PART56","//image.genie.co.kr/Y/IMAGE/IMG_ALBUM/082/060/528/82060528_1621908802015_1_140x140.JPG/dims/resize/Q_80,0",0,"유지","",0
220,5,"돼지토끼","장윤정","돼지토끼","//image.genie.co.kr/Y/IMAGE/IMG_ALBUM/081/741/501/81741501_1605747335397_1_140x140.JPG/dims/resize/Q_80,0",8,"하강","",0
221,5,"막걸리 한잔","영탁","내일은 미스터트롯 데스매치 PART1","//image.genie.co.kr/Y/IMAGE/IMG_ALBUM/081/351/004/81351004_1580349763206_1_140x140.JPG/dims/resize/Q_80,0",0,"유지","",0
222,5,"하늘 여행","이찬원","bright；燦","//image.genie.co.kr/Y/IMAGE/IMG_ALBUM/085/026/762/85026762_1713752778890_1_140x140.JPG/dims/resize/Q_80,0",2,"하강","",0
223,5,"오늘 밤에","홍진영","Lots of Love","//image.genie.co.kr/Y/IMAGE/IMG_ALBUM/081/169/811/81169811_1552028246644_1_140x140.JPG/dims/resize/Q_80,0",1,"상승","",0
224,5,"아모르 파티","이홍기 (FT아일랜드)","아모르 파티","//image.genie.co.kr/Y/IMAGE/IMG_ALBUM/083/645/671/83645671_1679462266240_1_140x140.JPG/dims/resize/Q_80,0",2,"하강","",0
225,5,"풍등","이찬원","ONE","//image.genie.co.kr/Y/IMAGE/IMG_ALBUM/083/555/400/83555400_1676856314788_1_140x140.JPG/dims/resize/Q_80,0",2,"상승","",0
226,5,"홍시","나훈아","나훈아 - 40주년 기념 특별 기획음반 (최신 골든 히트곡 모음집)","//image.genie.co.kr/Y/IMAGE/IMG_ALBUM/081/029/778/81029778_1517561926792_1_140x140.JPG/dims/resize/Q_80,0",0,"유지","",0
227,5,"지나야","박서진","춘몽","//image.genie.co.kr/Y/IMAGE/IMG_ALBUM/083/588/958/83588958_1677808390781_1_140x140.JPG/dims/resize/Q_80,0",4,"하강","",0
228,5,"내 이름 아시죠","장민호","드라마","//image.genie.co.kr/Y/IMAGE/IMG_ALBUM/080/909/025/80909025_1483321514671_1_140x140.JPG/dims/resize/Q_80,0",0,"유지","",0
229,5,"사내","나훈아","New Freestyle (40주년 기념앨범)","//image.genie.co.kr/Y/IMAGE/IMG_ALBUM/081/029/758/81029758_1517561550058_1_140x140.JPG/dims/resize/Q_80,0",2,"상승","",0
230,5,"광대","박서진","현역가왕2 예선전 PART 2 & 데스매치 PART 1","//image.genie.co.kr/Y/IMAGE/IMG_ALBUM/085/854/118/85854118_1733817694669_1_140x140.JPG/dims/resize/Q_80,0",5,"하강","",0
231,5,"옆집누나","장윤정","조영수 All Star - 장윤정","//image.genie.co.kr/Y/IMAGE/IMG_ALBUM/081/007/138/81007138_1511859487107_1_140x140.JPG/dims/resize/Q_80,0",1,"상승","",0
232,5,"서울의 달","송가인","송가인 1st ALBUM '佳人'","//image.genie.co.kr/Y/IMAGE/IMG_ALBUM/081/297/622/81297622_1572831730723_1_140x140.JPG/dims/resize/Q_80,0",3,"하강","",0
233,5,"오래된 노래","임영웅","사랑의 콜센타 Part19","//image.genie.co.kr/Y/IMAGE/IMG_ALBUM/081/540/396/81540396_1597370494996_1_140x140.JPG/dims/resize/Q_80,0",1,"상승","",0
234,5,"잘가요 내사랑","정동원 (Jeong Dong Won)","그리움, 아낌없이 주는 나무","//image.genie.co.kr/Y/IMAGE/IMG_ALBUM/082/394/837/82394837_1637133353877_1_140x140.JPG/dims/resize/Q_80,0",4,"하강","",0
235,5,"산다는 건 (Cheer Up)","홍진영","인생노트 (LIFE NOTE)","//image.genie.co.kr/Y/IMAGE/IMG_ALBUM/080/475/061/80475061_1415238114615_1_140x140.JPG/dims/resize/Q_80,0",2,"하강","",0
236,5,"못난놈","박지현","미스터트롯2 예선 베스트 PART1","//image.genie.co.kr/Y/IMAGE/IMG_ALBUM/083/340/141/83340141_1671700779856_1_140x140.JPG/dims/resize/Q_80,0",10,"상승","",0
237,5,"공","나훈아","나훈아 - 40주년 기념 특별 기획음반 (최신 골든 히트곡 모음집)","//image.genie.co.kr/Y/IMAGE/IMG_ALBUM/081/029/778/81029778_1517561926792_1_140x140.JPG/dims/resize/Q_80,0",4,"상승","",0
238,5,"보라빛 엽서","임영웅","내일은 미스터트롯 레전드 미션 베스트","//image.genie.co.kr/Y/IMAGE/IMG_ALBUM/081/381/427/81381427_1583461059479_1_140x140.JPG/dims/resize/Q_80,0",3,"하강","",0
239,5,"참 좋은 날","이찬원","참 좋은 날","//image.genie.co.kr/Y/IMAGE/IMG_ALBUM/082/430/226/82430226_1638955155461_1_140x140.JPG/dims/resize/Q_80,0",3,"하강","",0
240,5,"꽃다운 날","이찬원","bright；燦","//image.genie.co.kr/Y/IMAGE/IMG_ALBUM/085/026/762/85026762_1713752778890_1_140x140.JPG/dims/resize/Q_80,0",2,"하강","",0
241,5,"뱃놀이","정동원 (Jeong Dong Won)","사내 ［MAN］","//image.genie.co.kr/Y/IMAGE/IMG_ALBUM/083/242/073/83242073_1669877747228_1_140x140.JPG/dims/resize/Q_80,0",4,"하강","",0
242,5,"아모르 파티","김연자","아모르 파티","//image.genie.co.kr/Y/IMAGE/IMG_ALBUM/080/364/520/80364520_1374548444675_1_140x140.JPG/dims/resize/Q_80,0",2,"하강","",0
243,5,"깜빡이를 키고 오세요","박지현","미스터트롯2 준결승전 신곡미션","//image.genie.co.kr/Y/IMAGE/IMG_ALBUM/083/612/330/83612330_1678409385091_1_140x140.JPG/dims/resize/Q_80,0",14,"상승","",0
244,5,"어느날 문득","임영웅","사랑의 콜센타 Part27","//image.genie.co.kr/Y/IMAGE/IMG_ALBUM/081/641/792/81641792_1602813925650_1_140x140.JPG/dims/resize/Q_80,0",7,"상승","",0
245,5,"안동역에서","진성","안동사랑노래","//image.genie.co.kr/Y/IMAGE/IMG_ALBUM/079/920/457/79920457_1_140x140.JPG/dims/resize/Q_80,0",6,"하강","",0
246,5,"보릿고개","진성","안동역에서","//image.genie.co.kr/Y/IMAGE/IMG_ALBUM/080/588/427/80588427_1432608637727_1_140x140.JPG/dims/resize/Q_80,0",4,"하강","",0
247,5,"기장갈매기","나훈아","새벽 (SIX STORIES)","//image.genie.co.kr/Y/IMAGE/IMG_ALBUM/084/029/682/84029682_1688980428409_1_140x140.JPG/dims/resize/Q_80,0",5,"상승","",0
248,5,"붉은 입술","박서진","미스터트롯2 예선 베스트 PART1","//image.genie.co.kr/Y/IMAGE/IMG_ALBUM/083/340/141/83340141_1671700779856_1_140x140.JPG/dims/resize/Q_80,0",3,"하강","",0
249,6,"Winter Ahead (With 박효신)","V & 박효신","Winter Ahead","//image.genie.co.kr/Y/IMAGE/IMG_ALBUM/085/816/098/85816098_1732843056580_1_140x140.JPG/dims/resize/Q_80,0",0,"유지","",0
250,6,"Nothing's Gonna Change My Love For You","George Benson","20/20","//image.genie.co.kr/Y/IMAGE/IMG_ALBUM/015/021/706/15021706_1406099905865_1_140x140.JPG/dims/resize/Q_80,0",0,"유지","",0
251,6,"Winter Dream","스텔라장 (Stella Jang)","WinterStella","//image.genie.co.kr/Y/IMAGE/IMG_ALBUM/083/239/833/83239833_1669799244615_1_140x140.JPG/dims/resize/Q_80,0",0,"유지","",0
252,6,"Just The Two Of Us (Feat. Bill Withers)","Grover Washington Jr.","Love Song","//image.genie.co.kr/Y/IMAGE/IMG_ALBUM/015/019/278/15019278_1409294926168_1_140x140.JPG/dims/resize/Q_80,0",0,"유지","",0
253,6,"What You Won't Do for Love","Bobby Caldwell","What You Won't Do for Love","//image.genie.co.kr/Y/IMAGE/IMG_ALBUM/015/021/477/15021477_1642952728051_1_140x140.JPG/dims/resize/Q_80,0",0,"유지","",0
254,6,"Je T'aime","조이 (JOY)","안녕 (Hello) - Special Album","//image.genie.co.kr/Y/IMAGE/IMG_ALBUM/082/062/112/82062112_1622450209442_1_140x140.JPG/dims/resize/Q_80,0",3,"상승","",0
255,6,"BLUFF","존박","BLUFF","//image.genie.co.kr/Y/IMAGE/IMG_ALBUM/085/664/604/85664604_1728367288909_1_140x140.JPG/dims/resize/Q_80,0",1,"상승","",0
256,6,"손이 참 곱던 그대","임영웅","IM HERO","//image.genie.co.kr/Y/IMAGE/IMG_ALBUM/082/638/032/82638032_1651479062721_1_140x140.JPG/dims/resize/Q_80,0",2,"하강","",0
257,6,"Fly Me To The Moon","Frank Sinatra","A Man And His Music","//image.genie.co.kr/Y/IMAGE/IMG_ALBUM/080/375/641/80375641_1565686759643_1_140x140.JPG/dims/resize/Q_80,0",2,"하강","",0
258,6,"Home","Michael Bublé","It's Time","//image.genie.co.kr/Y/IMAGE/IMG_ALBUM/015/047/583/15047583_1651570819381_1_140x140.JPG/dims/resize/Q_80,0",2,"상승","",0
259,6,"trampoline","Billlie (빌리)","Of All We Have Lost","//image.genie.co.kr/Y/IMAGE/IMG_ALBUM/085/672/302/85672302_1729045153282_1_140x140.JPG/dims/resize/Q_80,0",1,"하강","",0
260,6,"Wish 2025","카더가든","Wish 2025","//image.genie.co.kr/Y/IMAGE/IMG_ALBUM/085/757/697/85757697_1731031597669_1_140x140.JPG/dims/resize/Q_80,0",1,"하강","",0
261,6,"모르는 사람","Zion.T","Zip","//image.genie.co.kr/Y/IMAGE/IMG_ALBUM/084/578/398/84578398_1701825681229_1_140x140.JPG/dims/resize/Q_80,0",2,"상승","",0
262,6,"고양이 (Feat. 아이유)","선우정아","고양이","//image.genie.co.kr/Y/IMAGE/IMG_ALBUM/081/015/469/81015469_1514449740148_1_140x140.JPG/dims/resize/Q_80,0",1,"하강","",0
263,6,"Think About`chu","아소토 유니온 (Asoto Union)","Sound Renovates A Structure","//image.genie.co.kr/Y/IMAGE/IMG_ALBUM/015/027/829/15027829_1310533115577_1_140x140.JPG/dims/resize/Q_80,0",1,"하강","",0
264,6,"My Way","Frank Sinatra","My Way","//image.genie.co.kr/Y/IMAGE/IMG_ALBUM/080/375/692/80375692_1381824321577_1_140x140.JPG/dims/resize/Q_80,0",1,"상승","",0
265,6,"Sleeping Beauty (하트시그널 삽입곡)","Paul","Sleeping Beauty","//image.genie.co.kr/Y/IMAGE/IMG_ALBUM/080/784/457/80784457_1453957661391_1_140x140.JPG/dims/resize/Q_80,0",2,"상승","",0
266,6,"Feeling Good","Michael Bublé","It's Time","//image.genie.co.kr/Y/IMAGE/IMG_ALBUM/015/047/583/15047583_1651570819381_1_140x140.JPG/dims/resize/Q_80,0",1,"하강","",0
267,6,"안녕 김녕 (Bye Gimnyeong)","영탁","MMM","//image.genie.co.kr/Y/IMAGE/IMG_ALBUM/082/805/893/82805893_1656915891420_1_140x140.JPG/dims/resize/Q_80,0",2,"상승","",0
268,6,"I Fall In Love Too Easily","Chet Baker","The Best Of Chet Baker Sings","//image.genie.co.kr/Y/IMAGE/IMG_ALBUM/015/020/507/15020507_1405668810882_1_140x140.JPG/dims/resize/Q_80,0",0,"유지","",0
269,6,"All for You (Feat. Theo Juarez)","Micah Edwards","All for You","//image.genie.co.kr/Y/IMAGE/IMG_ALBUM/082/209/822/82209822_1629866475573_1_140x140.JPG/dims/resize/Q_80,0",6,"하강","",0
270,6,"Thinking About You","Norah Jones","Not Too Late","//image.genie.co.kr/Y/IMAGE/IMG_ALBUM/046/241/226/46241226_1404893105153_1_140x140.JPG/dims/resize/Q_80,0",0,"유지","",0
271,6,"My Kinda Love","La Felix","My Kinda Love","//image.genie.co.kr/Y/IMAGE/IMG_ALBUM/082/183/650/82183650_1697693128135_1_140x140.JPG/dims/resize/Q_80,0",4,"하강","",0
272,6,"What A Wonderful World","Louis Armstrong","The Very Best Of Louis Armstrong","//image.genie.co.kr/Y/IMAGE/IMG_ALBUM/079/968/885/79968885_1547001325105_1_140x140.JPG/dims/resize/Q_80,0",1,"하강","",0
273,6,"L-O-V-E (2004 Remaster)","Nat King Cole","The Extraordinary","//image.genie.co.kr/Y/IMAGE/IMG_ALBUM/080/448/597/80448597_1406688379807_1_140x140.JPG/dims/resize/Q_80,0",1,"하강","",0
274,6,"Remember","Sam Ock","Snowy","//image.genie.co.kr/Y/IMAGE/IMG_ALBUM/081/801/097/81801097_1608551607342_1_140x140.JPG/dims/resize/Q_80,0",0,"유지","",0
275,6,"Like the Movies","Laufey","Typical of Me (EP)","//image.genie.co.kr/Y/IMAGE/IMG_ALBUM/082/355/538/82355538_1670295353009_1_140x140.JPG/dims/resize/Q_80,0",0,"유지","",0
276,6,"Winter Ahead (With 박효신) : 윤석철트리오 Ver.","V & 박효신","Winter Ahead (With 박효신) : 윤석철트리오 Ver.","//image.genie.co.kr/Y/IMAGE/IMG_ALBUM/085/886/673/85886673_1734587797018_1_140x140.JPG/dims/resize/Q_80,0",0,"유지","",0
277,6,"Misty","Ella Fitzgerald","Ella Fitzgerald - Gold","//image.genie.co.kr/Y/IMAGE/IMG_ALBUM/079/967/110/79967110_1617781230229_1_140x140.JPG/dims/resize/Q_80,0",4,"상승","",0
278,6,"All Of Me","Michael Bublé","Crazy Love","//image.genie.co.kr/Y/IMAGE/IMG_ALBUM/079/988/727/79988727_1323672029654_1_140x140.JPG/dims/resize/Q_80,0",2,"상승","",0
279,6,"From The Start","Laufey","Promise","//image.genie.co.kr/Y/IMAGE/IMG_ALBUM/083/903/960/83903960_1686226834690_1_140x140.JPG/dims/resize/Q_80,0",2,"하강","",0
280,6,"Journey of Discovery (탐험의 여정)","Jiyul","Imagination Project","//image.genie.co.kr/Y/IMAGE/IMG_ALBUM/085/907/038/85907038_1736480597353_1_140x140.JPG/dims/resize/Q_80,0",2,"하강","",0
281,6,"J'Ai Deux Amours","Madeleine Peyroux","Keep Me In Your Heart For A While: The Best Of Madeleine Peyroux (International Edition)","//image.genie.co.kr/Y/IMAGE/IMG_ALBUM/080/470/390/80470390_1413541555951_1_140x140.JPG/dims/resize/Q_80,0",14,"상승","",0
282,6,"Quando, Quando, Quando (With Nelly Furtado)","Michael Bublé","It's Time","//image.genie.co.kr/Y/IMAGE/IMG_ALBUM/015/047/583/15047583_1651570819381_1_140x140.JPG/dims/resize/Q_80,0",2,"상승","",0
283,6,"Cry Me A River","Julie London","Julie Is Her Name","//image.genie.co.kr/Y/IMAGE/IMG_ALBUM/080/751/462/80751462_1453079511504_1_140x140.JPG/dims/resize/Q_80,0",10,"상승","",0
284,6,"Fitzroy, Victoria","BONFIRE","melbourne","//image.genie.co.kr/Y/IMAGE/IMG_ALBUM/081/952/510/81952510_1615969971689_1_140x140.JPG/dims/resize/Q_80,0",5,"하강","",0
285,6,"New York City","Peter Malick Group & Norah Jones","New York City","//image.genie.co.kr/Y/IMAGE/IMG_ALBUM/015/020/143/15020143_1404893930890_1_140x140.JPG/dims/resize/Q_80,0",0,"유지","",0
286,6,"La Complainte De Mackie (Mack The Knife)","Laura Fygi","Rendez-Vous","//image.genie.co.kr/Y/IMAGE/IMG_ALBUM/054/290/360/54290360_1409211274480_1_140x140.JPG/dims/resize/Q_80,0",12,"상승","",0
287,6,"Going Home","Kenny G","The Essential Kenny G","//image.genie.co.kr/Y/IMAGE/IMG_ALBUM/033/701/502/33701502_1315209378847_1_140x140.JPG/dims/resize/Q_80,0",1,"하강","",0
288,6,"Let's Fall In Love","Diana Krall","When I Look In Your Eyes","//image.genie.co.kr/Y/IMAGE/IMG_ALBUM/015/023/583/15023583_1406184558367_1_140x140.JPG/dims/resize/Q_80,0",3,"상승","",0
289,6,"Everything Happens To Me (Album Ver.)","Chet Baker","The Very Best Of Jazz - Chet Baker","//image.genie.co.kr/Y/IMAGE/IMG_ALBUM/076/035/005/76035005_1405663165144_1_140x140.JPG/dims/resize/Q_80,0",2,"하강","",0
290,6,"Dream A Little Dream Of Me","Doris Day","70 Essential Hits : Legendary Songstress and Actress","//image.genie.co.kr/Y/IMAGE/IMG_ALBUM/081/054/896/81054896_1523869250025_1_140x140.JPG/dims/resize/Q_80,0",2,"상승","",0
291,6,"Dear my blue","백예린 (Yerin Baek)","Our love is great","//image.genie.co.kr/Y/IMAGE/IMG_ALBUM/081/173/794/81173794_1552885289680_1_140x140.JPG/dims/resize/Q_80,0",2,"하강","",0
292,6,"내가 좋아하는 것들 (Feat. Benny Benack III)","Zion.T","Zip","//image.genie.co.kr/Y/IMAGE/IMG_ALBUM/084/578/398/84578398_1701825681229_1_140x140.JPG/dims/resize/Q_80,0",4,"하강","",0
293,6,"Fall In Love Alone","몽키 에시드","Fall In Love Alone","//image.genie.co.kr/Y/IMAGE/IMG_ALBUM/085/479/204/85479204_1723018528431_1_140x140.JPG/dims/resize/Q_80,0",20,"하강","",0
294,6,"Keep Me Warm","Sam Ock","Snowy","//image.genie.co.kr/Y/IMAGE/IMG_ALBUM/081/801/097/81801097_1608551607342_1_140x140.JPG/dims/resize/Q_80,0",12,"하강","",0
295,6,"When You Wish Upon A Star","June Christy","Sings The Standards","//image.genie.co.kr/Y/IMAGE/IMG_ALBUM/043/196/089/43196089_1_140x140.jpg/dims/resize/Q_80,0",11,"상승","",0
296,6,"Everything Happens To Me","Chet Baker","The Legendary Riverside Albums","//image.genie.co.kr/Y/IMAGE/IMG_ALBUM/081/315/643/81315643_1574327395658_1_140x140.JPG/dims/resize/Q_80,0",55,"상승","",0
297,6,"Let It Snow! Let It Snow! Let It Snow!","스텔라장 (Stella Jang)","WinterStella","//image.genie.co.kr/Y/IMAGE/IMG_ALBUM/083/239/833/83239833_1669799244615_1_140x140.JPG/dims/resize/Q_80,0",3,"하강","",0
298,7,"Yiruma Golden Song with KIWA Live (May Be / Kiss The Rain / River Flows In You)","이루마","Yiruma Golden Song with KIWA Live (May Be / Kiss The Rain / River Flows In You)","//image.genie.co.kr/Y/IMAGE/IMG_ALBUM/081/471/188/81471188_1591928506595_1_140x140.JPG/dims/resize/Q_80,0",0,"유지","",0
299,7,"Room with a view","이루마","Room with a view","//image.genie.co.kr/Y/IMAGE/IMG_ALBUM/081/425/096/81425096_1587706928117_1_140x140.JPG/dims/resize/Q_80,0",1,"상승","",0
300,7,"Debussy : Suite bergamasque, L. 75 - 3. 달빛(Clair de lune)","조성진","Debussy : Suite bergamasque, L. 75, 3. Clair de lune","//image.genie.co.kr/Y/IMAGE/IMG_ALBUM/080/992/856/80992856_1507785931975_1_140x140.JPG/dims/resize/Q_80,0",1,"상승","",0
301,7,"Pathos","Ludovico Einaudi","Pathos","//image.genie.co.kr/Y/IMAGE/IMG_ALBUM/085/709/101/85709101_1729823190654_1_140x140.JPG/dims/resize/Q_80,0",2,"하강","",0
302,7,"Kiss The Rain","이루마","Kiss the Rain","//image.genie.co.kr/Y/IMAGE/IMG_ALBUM/082/160/093/82160093_1627544126370_1_140x140.JPG/dims/resize/Q_80,0",2,"상승","",0
303,7,"la mia notte","이루마","la mia notte","//image.genie.co.kr/Y/IMAGE/IMG_ALBUM/084/884/111/84884111_1710385314466_1_140x140.JPG/dims/resize/Q_80,0",1,"하강","",0
304,7,"천개의 바람이 되어","임형주","My Hero","//image.genie.co.kr/Y/IMAGE/IMG_ALBUM/074/736/189/74736189_1398407669876_1_140x140.JPG/dims/resize/Q_80,0",1,"하강","",0
